,Nom,Prénom,"Note/20,00",Domaine 5,Domaine 1,Non connu
0,DAPI,Etudiant03,15.56,2.22,0.7400000000000001,2.22
1,DAPI,Etudiant01,7.63,1.1099999999999999,1.1833333333333333,1.665
2,DAPI,Etudiant02,9.93,1.2950000000000002,1.3333333333333333,1.11
3,Moyenne globale,,11.04,1.1075,1.0866666666666667,1.665
